{
	"partitions" : [
		{
			"name" : "Top",
			"pins" : [
				{
					"name" : "Y[0]",
					"strict" : false
				},
				{
					"name" : "Y[1]",
					"strict" : false
				},
				{
					"name" : "Y[2]",
					"strict" : false
				},
				{
					"name" : "Y[3]",
					"strict" : false
				},
				{
					"name" : "Y[4]",
					"strict" : false
				},
				{
					"name" : "Y[5]",
					"strict" : false
				},
				{
					"name" : "Y[6]",
					"strict" : false
				},
				{
					"name" : "Y[7]",
					"strict" : false
				},
				{
					"name" : "A[1]",
					"strict" : false
				},
				{
					"name" : "opcode[2]",
					"strict" : false
				},
				{
					"name" : "opcode[0]",
					"strict" : false
				},
				{
					"name" : "A[0]",
					"strict" : false
				},
				{
					"name" : "B[0]",
					"strict" : false
				},
				{
					"name" : "opcode[1]",
					"strict" : false
				},
				{
					"name" : "B[1]",
					"strict" : false
				},
				{
					"name" : "A[2]",
					"strict" : false
				},
				{
					"name" : "B[2]",
					"strict" : false
				},
				{
					"name" : "A[3]",
					"strict" : false
				},
				{
					"name" : "B[3]",
					"strict" : false
				},
				{
					"name" : "A[4]",
					"strict" : false
				},
				{
					"name" : "B[4]",
					"strict" : false
				},
				{
					"name" : "A[5]",
					"strict" : false
				},
				{
					"name" : "B[5]",
					"strict" : false
				},
				{
					"name" : "A[6]",
					"strict" : false
				},
				{
					"name" : "B[6]",
					"strict" : false
				},
				{
					"name" : "A[7]",
					"strict" : false
				},
				{
					"name" : "B[7]",
					"strict" : false
				}
			]
		}
	]
}